{
  "crs": "EPSG:32643",
  "resolution_m": 100.0,
  "width": 262,
  "height": 178,
  "bounds": [
    703485.757761494,
    3153091.5622959253,
    729639.3983688332,
    3170856.247250453
  ]
}